head|count
costs|2
country|2
practical|1
instruments|1
about|1
overview|1
thoughts|1
intensively|1
channels|2
operation|1
case|2
warns|1
season|1
pressures|1
stronger|1
time|10
propaganda|2
recommend|1
ideal|1
objectives|1
delinquents|1
universities|2
owner|1
operations|2
digitization|1
fines|5
thesis|4
modules|3
oriented|2
stand|1
makes|2
closely|2
developed|2
countries|5
scope|1
tenants|1
health|1
supposed|1
sensitive|1
flexibility|1
reimbursed|2
fashionable|1
appropriate|1
gone|2
need|6
do|3
politics|2
determined|1
increases|4
thing|1
weekends|1
access|1
paid|1
raised|1
secretion|2
city|2
separated|1
financing|2
difficulties|1
poo|1
out|1
outlets|3
long|7
opponents|4
desirable|1
hands|1
traditions|1
seen|1
think|2
myself|1
activity|1
nerve-racking|1
had|2
feel|2
remedies|2
embarrassment|3
commitment|2
bad|3
depends|2
wear|1
urination|1
result|2
laid-back|1
knows|1
numbers|1
role|1
recorded|1
allow|2
painkillers|1
commensurate|1
far|1
periods|1
entrepreneurs|2
freedom|1
more|1
introduced|1
issues|2
rising|3
contain|1
gross|1
car|4
desired|1
give|1
suffer|2
waiting|1
demonstrate|2
misjudge|1
series|1
insurers|1
anachronistic|2
shops|2
forms|1
many|3
division|1
skydive|1
democracy|1
fit|1
surprises|1
ineffective|1
wise|1
neighbourhood|1
getting|2
unnecessary|2
alternative|1
healthily|1
having|2
rescues|2
park|2
services|17
shots|1
opponent|1
fee|8
doors|1
deserves|1
beneficial|1
being|1
owners|9
wish|1
broadcasters|6
operas|1
low|1
measure|3
moment|2
credits|1
observed|2
education|1
put|2
lease|3
separate|1
index|1
period|1
physician|1
is|10
citizens/households|1
treatments|10
committee|1
liberties|1
invested|2
bulb|1
passengers|1
companies|19
get|5
move|2
perspective|2
driven|2
supermarkets|1
penalty|8
those|1
powers|1
choices|2
industry|1
required|4
opaque|1
everyone|2
kept|1
pressure|1
qualified|1
maintained|1
conformity|1
touch|1
rate|4
implemented|1
justified|1
clothes|1
saves|2
prisons|1
banks|1
television|1
kind|2
right|1
dig|1
announcing|1
cover|4
process|3
surroundings|1
degree|2
understood|1
schools|1
investments|1
coincidence|2
delay|1
tournament|3
examination|1
fitness|1
cases|3
forces|2
problem|1
considerable|2
weather|2
threat|1
level|2
allowed|3
national|1
economist|1
average|1
offense|2
funds|1
rights|1
holidays|2
party|2
loan|1
airport|3
licence|2
closed|1
decide|1
thought|1
dispose|1
terms|1
age|8
people|14
regulated|6
competency|2
garments|2
are|7
disadvantaged|1
highlight|1
skiing|2
penalties|2
justice|1
complaining|1
discipline|1
sceptical|1
apply|1
vanish|1
efforts|1
subsidy|2
subject|1
resolution|1
outfit|2
climbs|1
restrict|1
events|11
occupations|1
provoke|1
night|2
imprisoned|1
body|1
adjust|1
women|1
experience|2
audiences|1
teacher|1
stations|2
uniform|1
all|1
come|1
construction|1
such|2
day|5
snowy|1
moles|2
decided|1
separation|1
waste|2
weight|1
dominate|3
outfitted|1
prescribed|1
interests|1
space|4
stadium|1
districts|1
leaders|2
ought|6
hampers|1
viewers|2
properly|1
choirboys|1
upwards|2
areas|3
amount|7
game|2
produces|1
punished|2
sector|1
well|2
obstacles|1
convicted|1
spend|1
make|4
trend|1
share|1
sentence|1
visitors|3
player|2
suffers|1
restricted|2
elections|2
portion|1
designated|2
likely|2
shortcomings|1
covered|2
charge|1
necessary|2
benefits|3
rule|1
training|3
bags|2
invigorates|1
possible|2
order|1
hours|4
abandoned|1
means|3
plays|1
recreation|1
rents|3
shortage|1
fees|11
cap|1
informed|1
update|1
uniforms|3
programme|3
act|1
small|1
semesters|1
become|3
associated|1
pull|1
console|1
enough|2
mistakes|2
massive|1
overwhelmed|1
games|9
wearing|1
termination|1
preferences|1
xyz-123|2
end|1
classes|1
law|1
spent|4
profit|2
programming|1
tired|1
expertise|6
expectancy|1
due|3
costly|4
fault|1
facilitate|1
proven|1
exist|1
tourists|1
effort|2
humans|1
supporters|1
change|2
must|1
used|2
spread|1
turning|1
mistake|1
crime|3
treatment|1
mines|2
pavements|1
requirement|1
wealth|1
income|1
insert|1
luck|1
personnel|1
theses|1
while|2
rent|2
skat|1
good|2
property|1
you|1
tightly|2
model|1
relief|1
tour|1
benefit|5
supervision|1
increasing|3
constitute|2
anyone|2
living|1
place|2
bins|3
what|1
thrilling|2
sustainable|2
astonished|1
degrees|3
locations|2
uniform-free|1
tv|4
argue|2
unclear|1
's|6
self-development|1
power|2
introduce|1
offices|2
limit|2
mean|2
speeds|1
event|1
recognized|1
punishment|11
adjusted|1
much|4
obvious|1
substitute|1
changes|3
work|2
alcohol|1
citizen|1
pill|11
authorities|1
tests|2
wasted|1
employment|1
decades|1
equipped|1
authoritarian|1
consumption|2
team|2
protection|2
interested|1
society|3
sell|1
pregnancies|2
rubbish|3
bulbs|3
half|1
surveillance|1
brings|1
indirectly|1
aware|1
centres|7
paying|2
rather|2
evaders|1
certainly|1
intervene|3
a|1
reacted|1
risks|2
felonies|1
taking|1
bailout|1
labour|1
wishes|1
interest|1
mannheimers|1
environment|1
tegel|1
professions|1
brother|1
been|2
left|1
strengthened|1
monitored|2
run|4
availability|1
sense|2
development|2
queues|2
charged|1
factor|1
working|1
british|1
replacement|1
option|2
war|1
trip|1
acquired|1
watch|1
durations|1
killed|1
better|1
report|2
attention|4
reasons|6
stone-cold|1
cds|2
increase|5
want|2
shows|1
higher|2
trials|1
match|1
emptier|2
taken|3
off-times|1
has|6
skills|1
available|1
state|1
housing|1
elimination|1
stress|1
40|1
counselling|1
goes|2
population|2
indisputable|1
expected|1
observance|1
equipment|1
residents|1
finance|1
individuals|1
created|3
dirt|16
scanning|1
value|1
dependent|2
lead|4
prevent|4
clashes|1
bumps|1
weak|1
opposition|1
visit|1
brawl|1
life|3
help|1
children|3
effects|5
britain|1
security|1
airports|1
university|1
have|16
hotel|1
dignity|2
clear|1
lacking|2
impact|1
software|1
weaker|2
years|2
impossible|2
crimes|2
leisure|1
patients|1
structured|1
damage|1
days|2
restrain|1
human|2
fine|3
felons|1
obsolete|1
investment|1
broadcasting|2
participation|1
show|2
virus|1
collaborate|2
travellers|1
assignments|7
advice|4
medicine|8
soon|2
organizing|1
strong|1
proof|1
generations|2
traffic|5
thousands|1
practitioners|3
feld|4
world|4
capabilities|2
board|1
remain|5
caters|1
culturally|2
appearance|2
shrinking|1
find|2
temps|2
therapies|4
effect|9
challenge|3
purchasing|1
leaving|2
placements|1
lovers|1
given|2
media|2
watched|2
copied|2
researched|1
snack|1
catastrophe|1
digitized|1
deal|2
devices|1
akin|2
confirmed|1
delete|1
high|2
committees|2
social|1
things|1
break|1
noise|1
system|1
parents|1
expenditure|2
arm|1
laws|1
known|1
safety|1
pay|5
acquaintance|1
actors|1
offer|1
lumped|1
homicides|2
needs|3
market|2
character|2
simple|1
campaign|2
data|8
closer|1
thoughtless|1
got|2
rules|1
clean|1
persistently|1
estate|2
counts|1
journalism|1
today|5
so|1
resource-intensive|2
activities|2
staff|2
idea|1
neighbourhoods|1
fate|1
paths|1
payers|2
ways|1
flats|1
carries|1
awful|1
project|2
study|1
abilities|1
chickens|1
practices|1
scandal|3
familiar|2
states|2
turns|1
interesting|1
jam|2
contribute|1
control|3
hand|1
officers|4
threats|1
rates|6
successful|2
take|2
phase|1
collected|1
prices|4
arte|1
implementation|1
spaces|2
principles|1
promises|2
annoys|2
planning|1
danger|1
image|2
who|1
number|3
injured|1
machine|2
regulations|2
priority|1
path|1
independent|1
contracts|2
method|1
use|4
government|2
20|1
transport|1
question|1
snowden|1
works|2
enjoy|1
analysis|1
jump|1
too|1
metres|1
fitter|1
drank|1
employees|6
sacrificed|1
animals|1
stated|2
way|3
presence|2
continue|1
made|2
and/or|1
device|1
live|1
not|1
resources|1
physically|1
clinic|1
rightly|1
deter|1
location|1
attractive|2
wants|1
risk|1
flat|1
sundays|1
recent|1
magazines|1
away|1
responsibility|1
ages|2
ended|1
extend|2
accommodation|1
error|1
account|1
fluctuations|1
sea|1
shares|1
designed|1
factors|2
staggering|1
times|7
dissertation|2
economy|1
bank|1
singular|1
shopping|1
unfriendly|2
eligible|1
infections|1
viewed|1
react|1
grade|8
methods|1
differs|2
