modifier|count
rent|11
linguistics|1
always|7
practical|1
large|3
snap|1
inner-city|2
good|4
fee|1
small|2
great|5
likewise|2
midfield|1
aside|1
strongly|2
publicly|1
green|2
sunday|2
truly|1
case|1
considerable|1
additional|5
buying|1
easy|1
comparable|1
new|11
both|1
slightly|1
stronger|2
time|2
economic|1
acquiring|1
conventional|6
anti-virus|2
western|1
three-figure|1
pharmacist|1
excessive|2
unrecognized|1
therefore|12
final|4
operations|1
elsewhere|1
parachute|1
categorically|1
ber|1
wealthy|2
uniform-free|1
namely|1
quickly|1
pharmaceutical|1
certain|5
yesterday|1
sure|1
private/personal|1
edward|1
morning-after|10
permanently|1
health|10
weighted|1
often|10
smaller|1
flexibility|1
governing|1
job|1
usually|3
earlier|1
utmost|1
best|1
severe|1
here|1
old|4
package|1
own|2
year|1
much|7
middle|1
promised|1
easier|1
admittedly|4
work|1
less|5
tuition|9
political|4
commercially|1
random|1
luxury|1
capital|9
growing|1
pretty|1
advance|1
tiny|2
negligent|1
team|1
demographic|1
model|1
out|1
retirement|4
automatic|1
doping|1
week|1
full-time|1
coming|1
cross-country|1
tv/radio|1
rubbish|1
mentally|2
short-term|1
quite|2
failed|1
clean|2
indirectly|1
economically|3
rather|7
over-the-counter|2
absolutely|1
ball|1
audience|1
birth|4
bad|2
pure|1
apparently|3
certainly|1
doubt|1
besides|9
laid-back|1
similar|1
role|1
worse|2
well|2
tenant|2
recently|1
continued|1
comfy|1
side|3
far|2
active|1
owner-run|1
natural|3
market|5
more|28
park|1
intelligence|9
sensible|1
constantly|5
concretely|1
death|8
confidential|1
transition|1
reaction|1
basketball|1
collective|1
dark|1
base|1
significant|2
smartphone|1
contemporary|1
innocent|1
so|3
curling|1
traffic|1
indiscriminate|1
working|1
essentially|2
waiting|1
properly|1
serious|1
sold-out|1
incredible|1
part-time|1
war|1
american|1
worst|1
culturally|1
oriented|1
acquired|1
steadily|2
suddenly|3
now|3
better|2
report|1
late|1
plus|1
complete|1
individual|6
extremely|1
customized|1
minor|1
longer|5
immediately|1
and/or|1
ibm|1
alternative|3
otherwise|1
basic|1
fun|1
perfect|1
popular|1
geographically|1
itself|1
bachelor|5
increasing|1
internal|1
international|2
tomorrow|1
available|1
state|2
housing|3
philological|1
overall|2
then|11
twice|1
probably|1
left|1
though|1
being|2
olympic|7
determined|1
student|2
tax|6
deeper|1
german|4
moreover|1
low|2
opening|3
personnel|1
personal|1
fixing|1
indefinitely|1
ticket|1
arbitrary|1
high|1
saving|1
cases|1
local|2
airplane|1
even|15
prime|1
there|3
judicial|1
preselection|1
naturally|1
longstanding|1
peripheral|1
oversight|1
dog|25
possibly|2
mediocre|1
facebook|1
open|2
online|2
funding-wise|1
heavily|1
pension|3
nevertheless|4
in-house|1
very|6
clearly|4
various|2
non-medical|1
furthermore|6
school|3
central|1
subjectively|1
business|2
bank|2
further|3
as|20
hypo|1
harmless|1
ground-focused|1
peak|1
traditional|1
closely|3
successfully|1
berlin|1
tightly|2
whole|1
weaker|1
few|1
structured|1
waste|1
required|1
gynaecological|1
opaque|1
transportation|1
everyone|1
leisure|3
respective|2
fewer|4
due|1
days|3
clever|1
wiretapping|1
human|4
unwanted|1
unregulated|1
civilized|1
video|5
relatively|1
minimal|1
tidy|1
dedicated|1
professional|1
lazy|1
future|1
us|1
tv|1
wonderfully|1
sobering|1
right|4
disadvantaged|1
ad|1
democratic|2
yet|1
yes|1
air|2
15|1
elderly|1
top|1
comparably|1
security|1
product|1
residential|1
six|1
dirt-free|1
definitely|3
also|32
occasional|1
robust|1
proven|3
quiz|1
shooting|1
attending|1
scientific|1
where|3
presumably|2
weather|1
light|1
exactly|1
clear|1
primarily|2
occupation|1
finally|1
products|1
approach|1
already|8
urgently|4
nasty|1
complementary|4
beach|1
little|1
exclusively|1
negative|1
ukrainian|2
rich|1
desired|1
airport|1
european|2
christian|2
licence|4
given|1
only|28
declining|1
other|14
licencing|1
his|5
building|1
way|1
actual|1
that|1
socially|3
affordable|2
matter|3
tokio|1
equally|2
aging|1
designated|1
hygiene|1
paying|1
purchasing|1
stock|1
remaining|1
legal|1
dicey|1
prescription|1
placebo|1
introductory|1
again|8
drawn-out|1
medical|7
early|2
sufficient|2
subject|2
anymore|2
later|2
entails|2
forever|1
radio|2
before|1
significantly|2
evidently|1
exact|1
previous|2
night|2
anticipated|1
curiously|1
legally|1
merely|1
social|4
maximum|1
shopping|7
deterring|1
road|2
parliamentary|3
viewers|1
meanwhile|1
party|1
premium|1
everywhere|1
all|2
last|3
brand-name|2
secret|3
known|1
urban|1
visual|1
ba|2
safety|2
thus|7
such|12
day|3
pricing|1
obviously|1
generally|4
insurance|7
recent|2
substantiated|1
experienced|2
fact|1
property|1
potentially|1
outfitted|1
older|1
surely|3
zdf|1
windows|1
decent|1
home|1
former|1
private|2
sophisticated|1
demographically|1
something|1
wheelie|1
violent|1
however|28
junior|2
many|25
perhaps|2
entire|4
today|4
car|1
aircraft|1
unattractive|1
mounting|1
fifa|1
steering|1
supermarket|1
general|3
financially|3
particularly|6
computer|1
single|1
proper|1
awful|1
ultimate|1
study|1
medieval|1
standard|1
mainly|1
heavier|1
increasingly|1
tempelhofer|3
tighter|1
constant|1
anyway|4
higher|15
environmentally|1
common|1
hence|5
gas|1
larger|1
young|2
soap|1
necessary|1
currently|2
collected|1
direct|1
directly|1
else|2
whenever|1
possible|3
convicted|1
order|1
inviolable|1
actually|11
planning|2
emphatically|1
means|1
younger|1
off|1
paid|1
disproportionate|2
illegally|1
advanced|1
bar|1
weakish|1
independent|1
energy|1
skilled|1
license|2
equal|2
cost|1
greater|1
potential|2
accordingly|1
allegedly|1
ultimately|2
back|2
receiver|1
uniform|1
land|1
cumulative|1
relative|1
how|5
of|1
well-qualified|1
at|3
strong|1
adequate|2
corruption|1
generous|1
too|9
military|1
sheer|1
easily|1
changed|1
total|2
immemorial|1
sad|1
considerably|1
degree|2
fundamental|2
abortive|1
exorbitant|1
positive|1
moral|1
precisely|3
first|4
graver|1
existing|3
amply|1
rental|1
public|16
massively|2
spending|1
ideological|1
most|4
real|4
bin|1
highly|1
long|11
almost|2
same|10
hardly|9
together|3
lens|1
big|3
soon|3
rightly|1
it|1
despicable|1
financial|1
baltic|1
sports|1
mental|1
life|1
nonsensical|1
differentiated|1
attractive|1
just|7
exotic|1
why|13
unnecessarily|1
frequently|1
away|1
cold|1
alone|4
federal|4
traditionally|1
bigger|1
rigorously|1
statutory|3
nighttime|1
different|4
police|1
neither|1
football|1
treatment|1
horrific|1
designed|1
pharmacists|1
up|2
rarely|2
sales|1
broad|1
especially|4
indeed|6
clinical|1
current|5
nsa|1
really|5
particular|1
neutral|1
expensive|1
government|1
walk-in|1
unfortunately|2
simply|7
still|9
enough|4
grade|1
physical|4
collectively|1
